"All Paddock Operations from Aug 1, 2020 to Sep 17, 2020",,,,,,,,,,,,,,,,,,,,,,,,,,,,,,,,,,,,,,,,
"Fertiliser Application Operations with Fertiliser from Sep 17, 2019 to Sep 17, 2020",,,,,,,,,,,,,,,,,,,,,,,,,,,,,,,,,,,,,,,,
,,,,,,,,,,,,,,,,,,,,,,,,,,,,,,,,,,,,,,,,
Operation Report,,,,,,,,,,,,,,,,,,,,,,,,,,,,,,,,,,,,,,,,
Date,Farm,Paddock,Operation,Advisor,Activity Type,Performed By,Operation Cost,Cost Unit,Labour Cost ($ total),Comments,Operation Area (ha),Implement,Disturbance (%),Till Depth (mm),Crop Type,Variety,Purpose,Sowing Rate(kg/ha),Sowing Rate(seeds/ha),Row Spacing(mm),Sowing Depth(mm),Seed Line Number,Sowing Seed QA Ref No,Sowing Seed Generation,Additional Implements,Start Time,Stop Time,Operator,Operator Protection,Water Rate (L/ha),Water Source,Total Water (L),Nozzle Model,Nozzle Type,Nozzle Spacing (cm),Spray Quality,Pressure (Bar),Speed (Km/h),Boom Height Above Target (cm),Soil Moisture
21/10/2019,Oldham Farm,Back 36,Fertiliser Application,,Actual,Contractor,$18.00,ha,$0.00,,13.64,Spreader Topdressing,,,,,,,,,,,,,,,,,,,,,,,,,,,,
7/11/2019,Oldham Farm,Back 36,Fertiliser Application,,Actual,Contractor,$18.00,ha,$0.00,,13.64,Spreader Topdressing,,,,,,,,,,,,,,,,,,,,,,,,,,,,
23/04/2020,Oldham Farm,Back 36,Fertiliser Application,,Actual,Contractor,$18.00,ha,$0.00,,13.64,Spreader Topdressing,,,,,,,,,,,,,,,,,,,,,,,,,,,,
18/05/2020,Oldham Farm,Back 36,Fertiliser Application,,Actual,Contractor,$18.00,ha,$0.00,,13.64,Spreader Topdressing,,,,,,,,,,,,,,,,,,,,,,,,,,,,
10/06/2020,Oldham Farm,Back 36,Fertiliser Application,,Actual,Contractor,$18.00,ha,$0.00,,13.64,Spreader Topdressing,,,,,,,,,,,,,,,,,,,,,,,,,,,,
7/09/2020,Oldham Farm,Back 36,Sowing,,Actual,Farm Employee,$80.00,ha,$0.00,,14.9,Direct Drill Combine Knife Points,50,60,Wheat,Discovery (KWM31),Grain,133,,160,50,,,2nd Gen,Harrows,,,,,,,,,,,,,,,
15/10/2019,Oldham Farm,Binder Paddock,Fertiliser Application,,Actual,Contractor,$18.00,ha,$0.00,,6.7,Spreader Topdressing,,,,,,,,,,,,,,,,,,,,,,,,,,,,
14/11/2019,Oldham Farm,Binder Paddock,Fertiliser Application,,Actual,Contractor,$18.00,ha,$0.00,,6.7,Spreader Topdressing,,,,,,,,,,,,,,,,,,,,,,,,,,,,
2/12/2019,Oldham Farm,Binder Paddock,Fertiliser Application,,Actual,Contractor,$18.00,ha,$0.00,,6.7,Spreader Topdressing,,,,,,,,,,,,,,,,,,,,,,,,,,,,
19/12/2019,Oldham Farm,Binder Paddock,Fertiliser Application,,Actual,Contractor,$18.00,ha,$0.00,,6.7,Spreader Topdressing,,,,,,,,,,,,,,,,,,,,,,,,,,,,
23/04/2020,Oldham Farm,Binder Paddock,Fertiliser Application,,Actual,Contractor,$18.00,ha,$0.00,,6.7,Spreader Topdressing,,,,,,,,,,,,,,,,,,,,,,,,,,,,
30/07/2020,Oldham Farm,Binder Paddock,Fertiliser Application,,Actual,Contractor,$18.00,ha,$0.00,,6.9,Spreader Topdressing,,,,,,,,,,,,,,,,,,,,,,,,,,,,
18/08/2020,Oldham Farm,Binder Paddock,Fertiliser Application,,Actual,Contractor,$18.00,ha,$0.00,,6.9,Spreader Topdressing,,,,,,,,,,,,,,,,,,,,,,,,,,,,
9/09/2020,Oldham Farm,Binder Paddock,Fertiliser Application,,Actual,Contractor,$18.00,ha,$0.00,,6.9,Spreader Topdressing,,,,,,,,,,,,,,,,,,,,,,,,,,,,
27/08/2020,Oldham Farm,Binder Paddock,Spraying,,Actual,Farm Employee,$15.00,ha,$0.00,,6.9,Boomspray - Self Propelled,,,,,,,,,,,,,,,,,,192,Bore,1324.8,Amistar,11004,50,Medium,3,10,50,
9/09/2020,Oldham Farm,Binder Paddock,Spraying,,Actual,Farm Employee,$15.00,ha,$0.00,,6.9,Boomspray - Self Propelled,,,,,,,,,,,,,,,,,,192,Bore,1324.8,Amistar,11004,50,Medium,3,10,50,
22/11/2019,Oldham Farm,Black Forest,Fertiliser Application,,Actual,Contractor,$18.00,ha,$0.00,,16.93,Spreader Topdressing,,,,,,,,,,,,,,,,,,,,,,,,,,,,
11/12/2019,Oldham Farm,Black Forest,Fertiliser Application,,Actual,Contractor,$18.00,ha,$0.00,,16.93,Spreader Topdressing,,,,,,,,,,,,,,,,,,,,,,,,,,,,
2/03/2020,Oldham Farm,Black Forest,Fertiliser Application,,Actual,Contractor,$18.00,ha,$0.00,,16.93,Spreader Topdressing,,,,,,,,,,,,,,,,,,,,,,,,,,,,
30/07/2020,Oldham Farm,Black Forest,Fertiliser Application,,Actual,Contractor,$18.00,ha,$0.00,,16.93,Spreader Topdressing,,,,,,,,,,,,,,,,,,,,,,,,,,,,
31/08/2020,Oldham Farm,Black Forest,Spraying,,Actual,Farm Employee,$15.00,ha,$0.00,,16.93,Boomspray - Self Propelled,,,,,,,,,,,,,,,,,,192,Bore,3249.605142,Amistar,11004,50,Medium,3,10,50,
2/12/2019,Oldham Farm,Bogside,Fertiliser Application,,Actual,Contractor,$18.00,ha,$0.00,,6.66,Spreader Topdressing,,,,,,,,,,,,,,,,,,,,,,,,,,,,
30/07/2020,Oldham Farm,Bogside,Fertiliser Application,,Actual,Contractor,$18.00,ha,$0.00,,7.2,Spreader Topdressing,,,,,,,,,,,,,,,,,,,,,,,,,,,,
5/08/2020,Oldham Farm,Bottom River,Cultivation,,Actual,Farm Employee,$170.00,ha,$0.00,,4.1,Disc Ripper,,250,,,,,,,,,,,,,,,,,,,,,,,,,,
11/10/2019,Oldham Farm,Bottom River,Fertiliser Application,,Actual,Contractor,$18.00,ha,$0.00,,4.05,Spreader Topdressing,,,,,,,,,,,,,,,,,,,,,,,,,,,,
11/12/2019,Oldham Farm,Bottom River,Fertiliser Application,,Actual,Contractor,$18.00,ha,$0.00,,4.05,Spreader Topdressing,,,,,,,,,,,,,,,,,,,,,,,,,,,,
20/12/2019,Oldham Farm,Bottom River,Fertiliser Application,,Actual,Contractor,$18.00,ha,$0.00,,4.05,Spreader Topdressing,,,,,,,,,,,,,,,,,,,,,,,,,,,,
7/01/2020,Oldham Farm,Bottom River,Fertiliser Application,,Actual,Contractor,$18.00,ha,$0.00,,4.05,Spreader Topdressing,,,,,,,,,,,,,,,,,,,,,,,,,,,,
10/08/2020,Oldham Farm,Bottom River,Fertiliser Application,,Actual,Contractor,$18.00,ha,$0.00,,4.1,Spreader Topdressing,,,,,,,,,,,,,,,,,,,,,,,,,,,,
1/08/2020,Oldham Farm,Bottom River,Sowing,,Actual,Farm Employee,$16.00,ha,$0.00,,4.1,Broadcast,,,Oats,Armstrong,,120,,,,,,,,,,,,,,,,,,,,,,
18/05/2020,Oldham Farm,Gradershed,Fertiliser Application,,Actual,Contractor,$18.00,ha,$0.00,,10,Spreader Topdressing,,,,,,,,,,,,,,,,,,,,,,,,,,,,
10/06/2020,Oldham Farm,Gradershed,Fertiliser Application,,Actual,Contractor,$18.00,ha,$0.00,,10,Spreader Topdressing,,,,,,,,,,,,,,,,,,,,,,,,,,,,
18/08/2020,Oldham Farm,Gradershed,Fertiliser Application,,Actual,Contractor,$18.00,ha,$0.00,,10,Spreader Topdressing,,,,,,,,,,,,,,,,,,,,,,,,,,,,
6/08/2020,Oldham Farm,Gradershed,Spraying,,Actual,Farm Employee,$15.00,ha,$0.00,,10,Boomspray - Self Propelled,,,,,,,,,,,,,,,,,,240,Bore,2400,Amistar,11004,50,Medium,3,10,50,
29/08/2020,Oldham Farm,Gradershed,Spraying,,Actual,Farm Employee,$15.00,ha,$0.00,,10,Boomspray - Self Propelled,,,,,,,,,,,,,,,,,,240,Bore,2400,Amistar,11004,50,Medium,3,10,50,
8/10/2019,Oldham Farm,Hills One,Fertiliser Application,,Actual,Contractor,$18.00,ha,$0.00,,6.25,Spreader Topdressing,,,,,,,,,,,,,,,,,,,,,,,,,,,,
7/11/2019,Oldham Farm,Hills One,Fertiliser Application,,Actual,Contractor,$18.00,ha,$0.00,,6.25,Spreader Topdressing,,,,,,,,,,,,,,,,,,,,,,,,,,,,
18/03/2020,Oldham Farm,Hills One,Fertiliser Application,,Actual,Contractor,$18.00,ha,$0.00,,6.25,Spreader Topdressing,,,,,,,,,,,,,,,,,,,,,,,,,,,,
10/06/2020,Oldham Farm,Hills One,Fertiliser Application,,Actual,Contractor,$18.00,ha,$0.00,,6.25,Spreader Topdressing,,,,,,,,,,,,,,,,,,,,,,,,,,,,
13/08/2020,Oldham Farm,Hills One,Fertiliser Application,,Actual,Contractor,$18.00,ha,$0.00,,7,Spreader Topdressing,,,,,,,,,,,,,,,,,,,,,,,,,,,,
28/08/2020,Oldham Farm,Hills One,Fertiliser Application,,Actual,Contractor,$18.00,ha,$0.00,,7,Spreader Topdressing,,,,,,,,,,,,,,,,,,,,,,,,,,,,
4/08/2020,Oldham Farm,Hills One,Spraying,,Actual,Farm Employee,$15.00,ha,$0.00,,7,Boomspray - Self Propelled,,,,,,,,,,,,,,,,,,192,Bore,1344,Amistar,11004,50,Medium,3,10,50,
16/10/2019,Oldham Farm,Hills Three,Fertiliser Application,,Actual,Contractor,$18.00,ha,$0.00,,5.76,Spreader Topdressing,,,,,,,,,,,,,,,,,,,,,,,,,,,,
14/11/2019,Oldham Farm,Hills Three,Fertiliser Application,,Actual,Contractor,$18.00,ha,$0.00,,5.76,Spreader Topdressing,,,,,,,,,,,,,,,,,,,,,,,,,,,,
2/12/2019,Oldham Farm,Hills Three,Fertiliser Application,,Actual,Contractor,$18.00,ha,$0.00,,5.76,Spreader Topdressing,,,,,,,,,,,,,,,,,,,,,,,,,,,,
19/12/2019,Oldham Farm,Hills Three,Fertiliser Application,,Actual,Contractor,$18.00,ha,$0.00,,5.76,Spreader Topdressing,,,,,,,,,,,,,,,,,,,,,,,,,,,,
23/04/2020,Oldham Farm,Hills Three,Fertiliser Application,,Actual,Contractor,$18.00,ha,$0.00,,5.76,Spreader Topdressing,,,,,,,,,,,,,,,,,,,,,,,,,,,,
10/06/2020,Oldham Farm,Hills Three,Fertiliser Application,,Actual,Contractor,$18.00,ha,$0.00,,5.76,Spreader Topdressing,,,,,,,,,,,,,,,,,,,,,,,,,,,,
18/08/2020,Oldham Farm,Hills Three,Fertiliser Application,,Actual,Contractor,$18.00,ha,$0.00,,5.76,Spreader Topdressing,,,,,,,,,,,,,,,,,,,,,,,,,,,,
9/09/2020,Oldham Farm,Hills Three,Fertiliser Application,,Actual,Contractor,$18.00,ha,$0.00,,5.76,Spreader Topdressing,,,,,,,,,,,,,,,,,,,,,,,,,,,,
20/08/2020,Oldham Farm,Hills Three,Spraying,,Actual,Farm Employee,$15.00,ha,$0.00,,5.76,Boomspray - Self Propelled,,,,,,,,,,,,,,,,,,192,Bore,1105.242136,Amistar,11004,50,Medium,3,10,50,
13/09/2020,Oldham Farm,Hills Three,Spraying,,Actual,Farm Employee,$15.00,ha,$0.00,,5.76,Boomspray - Self Propelled,,,,,,,,,,,,,,,,,,192,Bore,1105.242136,Amistar,11004,50,Medium,3,10,50,
13/09/2020,Oldham Farm,Hills Three,Spraying,,Actual,Farm Employee,$15.00,ha,$0.00,,5.76,Boomspray - Self Propelled,,,,,,,,,,,,,,,,,,192,Bore,1105.242136,Amistar,11004,50,Medium,3,10,50,
28/08/2020,Oldham Farm,Hills Two,Cultivation,,Actual,Farm Employee,$165.00,ha,$0.00,,7,Disc Ripper,,250,,,,,,,,,,,,,,,,,,,,,,,,,,
11/12/2019,Oldham Farm,Hills Two,Fertiliser Application,,Actual,Contractor,$18.00,ha,$0.00,,6.53,Spreader Topdressing,,,,,,,,,,,,,,,,,,,,,,,,,,,,
20/12/2019,Oldham Farm,Hills Two,Fertiliser Application,,Actual,Contractor,$18.00,ha,$0.00,,6.53,Spreader Topdressing,,,,,,,,,,,,,,,,,,,,,,,,,,,,
7/01/2020,Oldham Farm,Hills Two,Fertiliser Application,,Actual,Contractor,$18.00,ha,$0.00,,6.53,Spreader Topdressing,,,,,,,,,,,,,,,,,,,,,,,,,,,,
28/08/2020,Oldham Farm,Hills Two,Fertiliser Application,,Actual,Contractor,$18.00,ha,$0.00,,7,Spreader Topdressing,,,,,,,,,,,,,,,,,,,,,,,,,,,,
31/08/2020,Oldham Farm,Hills Two,Sowing,,Actual,Farm Employee,$80.00,ha,$0.00,,7,Direct Drill Combine Knife Points,,,Oats,Other,,110,,,,,,,,,,,,,,,,,,,,,,
17/10/2019,Oldham Farm,house paddock,Fertiliser Application,,Actual,Contractor,$18.00,ha,$0.00,,16.51,Spreader Topdressing,,,,,,,,,,,,,,,,,,,,,,,,,,,,
10/12/2019,Oldham Farm,house paddock,Fertiliser Application,,Actual,Contractor,$18.00,ha,$0.00,,16.51,Spreader Topdressing,,,,,,,,,,,,,,,,,,,,,,,,,,,,
11/12/2019,Oldham Farm,house paddock,Fertiliser Application,,Actual,Contractor,$18.00,ha,$0.00,,16.51,Spreader Topdressing,,,,,,,,,,,,,,,,,,,,,,,,,,,,
16/12/2019,Oldham Farm,house paddock,Fertiliser Application,,Actual,Contractor,$18.00,ha,$0.00,,16.51,Spreader Topdressing,,,,,,,,,,,,,,,,,,,,,,,,,,,,
14/01/2020,Oldham Farm,house paddock,Fertiliser Application,,Actual,Contractor,$18.00,ha,$0.00,,16.51,Spreader Topdressing,,,,,,,,,,,,,,,,,,,,,,,,,,,,
8/04/2020,Oldham Farm,house paddock,Fertiliser Application,,Actual,Contractor,$18.00,ha,$0.00,,16.51,Spreader Topdressing,,,,,,,,,,,,,,,,,,,,,,,,,,,,
10/06/2020,Oldham Farm,house paddock,Fertiliser Application,,Actual,Contractor,$18.00,ha,$0.00,,16.51,Spreader Topdressing,,,,,,,,,,,,,,,,,,,,,,,,,,,,
18/08/2020,Oldham Farm,house paddock,Fertiliser Application,,Actual,Contractor,$18.00,ha,$0.00,,16.51,Spreader Topdressing,,,,,,,,,,,,,,,,,,,,,,,,,,,,
9/09/2020,Oldham Farm,house paddock,Fertiliser Application,,Actual,Contractor,$18.00,ha,$0.00,,16.51,Spreader Topdressing,,,,,,,,,,,,,,,,,,,,,,,,,,,,
22/08/2020,Oldham Farm,house paddock,Spraying,,Actual,Farm Employee,$15.00,ha,$0.00,,16.51,Boomspray - Self Propelled,,,,,,,,,,,,,,,,,,192,Bore,3170.737653,Amistar,11004,50,Medium,3,10,50,
8/09/2020,Oldham Farm,house paddock,Spraying,,Actual,Farm Employee,$15.00,ha,$0.00,2nd PGR,16.51,Boomspray - Self Propelled,,,,,,,,,,,,,,,,,,192,Bore,3170.737653,Amistar,11004,50,Medium,3,10,50,
11/10/2019,Oldham Farm,Knowle,Fertiliser Application,,Actual,Contractor,$18.00,ha,$0.00,,14,Spreader Topdressing,,,,,,,,,,,,,,,,,,,,,,,,,,,,
14/11/2019,Oldham Farm,Knowle,Fertiliser Application,,Actual,Contractor,$18.00,ha,$0.00,,14,Spreader Topdressing,,,,,,,,,,,,,,,,,,,,,,,,,,,,
11/12/2019,Oldham Farm,Knowle,Fertiliser Application,,Actual,Contractor,$18.00,ha,$0.00,,14,Spreader Topdressing,,,,,,,,,,,,,,,,,,,,,,,,,,,,
23/04/2020,Oldham Farm,Knowle,Fertiliser Application,,Actual,Contractor,$18.00,ha,$0.00,,14,Spreader Topdressing,,,,,,,,,,,,,,,,,,,,,,,,,,,,
21/10/2019,Oldham Farm,Old Shearing Shed,Fertiliser Application,,Actual,Contractor,$18.00,ha,$0.00,,5.6,Spreader Topdressing,,,,,,,,,,,,,,,,,,,,,,,,,,,,
10/11/2019,Oldham Farm,Old Shearing Shed,Fertiliser Application,,Actual,Contractor,$18.00,ha,$0.00,,5.6,Spreader Topdressing,,,,,,,,,,,,,,,,,,,,,,,,,,,,
10/08/2020,Oldham Farm,Old Shearing Shed,Fertiliser Application,,Actual,Contractor,$18.00,ha,$0.00,,5.6,Spreader Topdressing,,,,,,,,,,,,,,,,,,,,,,,,,,,,
12/09/2020,Oldham Farm,Old Shearing Shed,Sowing,,Actual,Farm Employee,$80.00,ha,$0.00,,5.6,Direct Drill Combine Knife Points,50,60,Pea,Other,Grain,222,,160,50,,,2nd Gen,Harrows,,,,,,,,,,,,,,,
4/09/2020,Oldham Farm,Old Shearing Shed,Spraying,,Actual,Farm Employee,$15.00,ha,$0.00,,5.6,Boomspray - Self Propelled,,,,,,,,,,,,,,,,,,192,Bore,1075.2,Amistar,11004,50,Medium,3,10,50,
8/10/2019,Oldham Farm,Sea one,Fertiliser Application,,Actual,Contractor,$18.00,ha,$0.00,,7.21,Spreader Topdressing,,,,,,,,,,,,,,,,,,,,,,,,,,,,
7/11/2019,Oldham Farm,Sea one,Fertiliser Application,,Actual,Contractor,$18.00,ha,$0.00,,7.21,Spreader Topdressing,,,,,,,,,,,,,,,,,,,,,,,,,,,,
18/03/2020,Oldham Farm,Sea one,Fertiliser Application,,Actual,Contractor,$18.00,ha,$0.00,,7.21,Spreader Topdressing,,,,,,,,,,,,,,,,,,,,,,,,,,,,
28/08/2020,Oldham Farm,Sea one,Fertiliser Application,,Actual,Contractor,$18.00,ha,$0.00,,7.4,Spreader Topdressing,,,,,,,,,,,,,,,,,,,,,,,,,,,,
7/08/2020,Oldham Farm,Sea one,Spraying,,Actual,Farm Employee,$15.00,ha,$0.00,,7.4,Boomspray - Self Propelled,,,,,,,,,,,,,,,,,,240,Bore,1776,Amistar,11004,50,Medium,3,10,50,
5/08/2020,Oldham Farm,Sea Three,Cultivation,,Actual,Farm Employee,$170.00,ha,$0.00,,6,Disc Ripper,,250,,,,,,,,,,,,,,,,,,,,,,,,,,
7/01/2020,Oldham Farm,Sea Three,Fertiliser Application,,Actual,Contractor,$18.00,ha,$0.00,,5.93,Spreader Topdressing,,,,,,,,,,,,,,,,,,,,,,,,,,,,
10/08/2020,Oldham Farm,Sea Three,Fertiliser Application,,Actual,Contractor,$18.00,ha,$0.00,,6,Spreader Topdressing,,,,,,,,,,,,,,,,,,,,,,,,,,,,
13/08/2020,Oldham Farm,Sea Three,Sowing,,Actual,Farm Employee,$80.00,ha,$0.00,,6,Direct Drill Combine Knife Points,,,Oats,Other,,110,,,,,,,,,,,,,,,,,,,,,,
1/08/2020,Oldham Farm,Sea two,Cultivation,,Actual,Contractor,$170.00,ha,$0.00,,6.9,Disc Ripper,,250,,,,,,,,,,,,,,,,,,,,,,,,,,
1/08/2020,Oldham Farm,Sea two,Cultivation,,Actual,Farm Employee,$50.00,ha,$0.00,,6.9,Disc Roller,,250,,,,,,,,,,,,,,,,,,,,,,,,,,
19/11/2019,Oldham Farm,Sea two,Fertiliser Application,,Actual,Contractor,$18.00,ha,$0.00,,6.61,Spreader Topdressing,,,,,,,,,,,,,,,,,,,,,,,,,,,,
7/01/2020,Oldham Farm,Sea two,Fertiliser Application,,Actual,Contractor,$18.00,ha,$0.00,,6.61,Spreader Topdressing,,,,,,,,,,,,,,,,,,,,,,,,,,,,
10/08/2020,Oldham Farm,Sea two,Fertiliser Application,,Actual,Contractor,$18.00,ha,$0.00,,6.9,Spreader Topdressing,,,,,,,,,,,,,,,,,,,,,,,,,,,,
1/08/2020,Oldham Farm,Sea two,Sowing,,Actual,Farm Employee,$16.00,ha,$0.00,,6.9,Broadcast,,,Oats,Armstrong,,120,,,,,,,,,,,,,,,,,,,,,,
11/10/2019,Oldham Farm,Spring Side,Fertiliser Application,,Actual,Contractor,$18.00,ha,$0.00,,7.26,Spreader Topdressing,,,,,,,,,,,,,,,,,,,,,,,,,,,,
21/04/2020,Oldham Farm,Spring Side,Fertiliser Application,,Actual,Contractor,$18.00,ha,$0.00,,7.26,Spreader Topdressing,,,,,,,,,,,,,,,,,,,,,,,,,,,,
13/08/2020,Oldham Farm,Spring Side,Fertiliser Application,,Actual,Contractor,$18.00,ha,$0.00,,8.28,Spreader Topdressing,,,,,,,,,,,,,,,,,,,,,,,,,,,,
6/08/2020,Oldham Farm,Spring Side,Spraying,,Actual,Farm Employee,$15.00,ha,$0.00,,8.28,Boomspray - Self Propelled,,,,,,,,,,,,,,,,,,240,Bore,1987.2,Amistar,11004,50,Medium,3,10,50,
10/08/2020,Oldham Farm,Stratford,Fertiliser Application,,Actual,Contractor,$18.00,ha,$0.00,,6.2,Spreader Topdressing,,,,,,,,,,,,,,,,,,,,,,,,,,,,
5/08/2020,Oldham Farm,Stratford,Spraying,,Actual,Farm Employee,$15.00,ha,$0.00,,6.2,Boomspray - Self Propelled,,,,,,,,,,,,,,,,,,192,Bore,1190.234567,Amistar,11004,50,Medium,3,10,50,
16/10/2019,Oldham Farm,Top River,Fertiliser Application,,Actual,Contractor,$18.00,ha,$0.00,,3.73,Spreader Topdressing,,,,,,,,,,,,,,,,,,,,,,,,,,,,
14/11/2019,Oldham Farm,Top River,Fertiliser Application,,Actual,Contractor,$18.00,ha,$0.00,,3.73,Spreader Topdressing,,,,,,,,,,,,,,,,,,,,,,,,,,,,
2/12/2019,Oldham Farm,Top River,Fertiliser Application,,Actual,Contractor,$18.00,ha,$0.00,,3.73,Spreader Topdressing,,,,,,,,,,,,,,,,,,,,,,,,,,,,
19/12/2019,Oldham Farm,Top River,Fertiliser Application,,Actual,Contractor,$18.00,ha,$0.00,,3.73,Spreader Topdressing,,,,,,,,,,,,,,,,,,,,,,,,,,,,
23/04/2020,Oldham Farm,Top River,Fertiliser Application,,Actual,Contractor,$18.00,ha,$0.00,,3.73,Spreader Topdressing,,,,,,,,,,,,,,,,,,,,,,,,,,,,
30/07/2020,Oldham Farm,Top River,Fertiliser Application,,Actual,Contractor,$18.00,ha,$0.00,,4,Spreader Topdressing,,,,,,,,,,,,,,,,,,,,,,,,,,,,
18/08/2020,Oldham Farm,Top River,Fertiliser Application,,Actual,Contractor,$18.00,ha,$0.00,,4,Spreader Topdressing,,,,,,,,,,,,,,,,,,,,,,,,,,,,
9/09/2020,Oldham Farm,Top River,Fertiliser Application,,Actual,Contractor,$18.00,ha,$0.00,,4,Spreader Topdressing,,,,,,,,,,,,,,,,,,,,,,,,,,,,
20/08/2020,Oldham Farm,Top River,Spraying,,Actual,Farm Employee,$15.00,ha,$0.00,,4,Boomspray - Self Propelled,,,,,,,,,,,,,,,,,,192,Bore,768,Amistar,11004,50,Medium,3,10,50,
13/09/2020,Oldham Farm,Top River,Spraying,,Actual,Farm Employee,$15.00,ha,$0.00,,4,Boomspray - Self Propelled,,,,,,,,,,,,,,,,,,192,Bore,768,Amistar,11004,50,Medium,3,10,50,
25/09/2019,Oldham Farm,Warwick,Fertiliser Application,,Actual,Contractor,$18.00,ha,$0.00,,13.6,Spreader Topdressing,,,,,,,,,,,,,,,,,,,,,,,,,,,,
21/10/2019,Oldham Farm,Warwick,Fertiliser Application,,Actual,Contractor,$18.00,ha,$0.00,,13.6,Spreader Topdressing,,,,,,,,,,,,,,,,,,,,,,,,,,,,
7/11/2019,Oldham Farm,Warwick,Fertiliser Application,,Actual,Contractor,$18.00,ha,$0.00,,13.6,Spreader Topdressing,,,,,,,,,,,,,,,,,,,,,,,,,,,,
18/05/2020,Oldham Farm,Warwick,Fertiliser Application,,Actual,Contractor,$18.00,ha,$0.00,,13.6,Spreader Topdressing,,,,,,,,,,,,,,,,,,,,,,,,,,,,
13/08/2020,Oldham Farm,Warwick,Fertiliser Application,,Actual,Contractor,$18.00,ha,$0.00,,13.6,Spreader Topdressing,,,,,,,,,,,,,,,,,,,,,,,,,,,,
2/08/2020,Oldham Farm,Warwick,Spraying,,Actual,Farm Employee,$15.00,ha,$0.00,,13.6,Boomspray - Self Propelled,,,,,,,,,,,,,,,,,,192,Bore,2611.2,Amistar,11004,50,Medium,3,10,50,
7/08/2020,Oldham Farm,Warwick,Spraying,,Actual,Farm Employee,$15.00,ha,$0.00,,13.6,Boomspray - Self Propelled,,,,,,,,,,,,,,,,,,192,Bore,2611.2,Amistar,11004,50,Medium,3,10,50,
6/12/2019,Oldham Farm,Windmill,Fertiliser Application,,Actual,Contractor,$18.00,ha,$0.00,,16.9,Spreader Topdressing,,,,,,,,,,,,,,,,,,,,,,,,,,,,
23/01/2020,Oldham Farm,Windmill,Fertiliser Application,,Actual,Contractor,$18.00,ha,$0.00,,16.9,Spreader Topdressing,,,,,,,,,,,,,,,,,,,,,,,,,,,,
,,,,,,,,,,,,,,,,,,,,,,,,,,,,,,,,,,,,,,,,
No paddock observations found.,,,,,,,,,,,,,,,,,,,,,,,,,,,,,,,,,,,,,,,,
,,,,,,,,,,,,,,,,,,,,,,,,,,,,,,,,,,,,,,,,
No grain operation found.,,,,,,,,,,,,,,,,,,,,,,,,,,,,,,,,,,,,,,,,
,,,,,,,,,,,,,,,,,,,,,,,,,,,,,,,,,,,,,,,,
Input Report,,,,,,,,,,,,,,,,,,,,,,,,,,,,,,,,,,,,,,,,
Date,Location Type,Location,Name,Activity Type,Operation,Operation Area (ha),Implement,Material Type,Product,Chemical Group,Rate,Rate Unit,Cost /ha,Quantity,Quantity Unit,,,,,,,,,,,,,,,,,,,,,,,,,
25/09/2019,Paddock,Oldham Farm,Warwick,Actual,FertiliserApplication,13.6,Spreader Topdressing,Fertiliser,Ammonium Sulphate Granular,,200,kg,$99.80,"2,720",kg,,,,,,,,,,,,,,,,,,,,,,,,,
25/09/2019,Paddock,Oldham Farm,Warwick,Actual,FertiliserApplication,13.6,Spreader Topdressing,Fertiliser,Manganese Sulphate 28%,,10,kg,$19.80,136,kg,,,,,,,,,,,,,,,,,,,,,,,,,
25/09/2019,Paddock,Oldham Farm,Warwick,Actual,FertiliserApplication,13.6,Spreader Topdressing,Fertiliser,Potassium Chloride,,100,kg,$68.50,"1,360",kg,,,,,,,,,,,,,,,,,,,,,,,,,
25/09/2019,Paddock,Oldham Farm,Warwick,Actual,FertiliserApplication,13.6,Spreader Topdressing,Fertiliser,Zinc Sulphate Monohydrate,,10,kg,$25.00,136,kg,,,,,,,,,,,,,,,,,,,,,,,,,
8/10/2019,Paddock,Oldham Farm,Hills One,Actual,FertiliserApplication,6.25,Spreader Topdressing,Fertiliser,Urea,,150,kg,$105.00,937.89,kg,,,,,,,,,,,,,,,,,,,,,,,,,
8/10/2019,Paddock,Oldham Farm,Sea one,Actual,FertiliserApplication,7.21,Spreader Topdressing,Fertiliser,Urea,,150,kg,$105.00,"1,081.62",kg,,,,,,,,,,,,,,,,,,,,,,,,,
11/10/2019,Paddock,Oldham Farm,Bottom River,Actual,FertiliserApplication,4.05,Spreader Topdressing,Fertiliser,DAP,,150,kg,$0.00,607.5,kg,,,,,,,,,,,,,,,,,,,,,,,,,
11/10/2019,Paddock,Oldham Farm,Bottom River,Actual,FertiliserApplication,4.05,Spreader Topdressing,Fertiliser,Dolomite,,800,kg,$144.00,"3,240",kg,,,,,,,,,,,,,,,,,,,,,,,,,
11/10/2019,Paddock,Oldham Farm,Bottom River,Actual,FertiliserApplication,4.05,Spreader Topdressing,Fertiliser,Lime,,"1,450",kg,$57.28,"5,872.50",kg,,,,,,,,,,,,,,,,,,,,,,,,,
11/10/2019,Paddock,Oldham Farm,Bottom River,Actual,FertiliserApplication,4.05,Spreader Topdressing,Fertiliser,Potassium Chloride,,100,kg,$68.50,405,kg,,,,,,,,,,,,,,,,,,,,,,,,,
11/10/2019,Paddock,Oldham Farm,Bottom River,Actual,FertiliserApplication,4.05,Spreader Topdressing,Fertiliser,Sulphur 90,,50,kg,$30.25,202.5,kg,,,,,,,,,,,,,,,,,,,,,,,,,
11/10/2019,Paddock,Oldham Farm,Knowle,Actual,FertiliserApplication,14,Spreader Topdressing,Fertiliser,Urea,,160,kg,$100.80,"2,240",kg,,,,,,,,,,,,,,,,,,,,,,,,,
11/10/2019,Paddock,Oldham Farm,Spring Side,Actual,FertiliserApplication,7.26,Spreader Topdressing,Fertiliser,Dolomite,,"1,500",kg,$270.00,"10,890",kg,,,,,,,,,,,,,,,,,,,,,,,,,
11/10/2019,Paddock,Oldham Farm,Spring Side,Actual,FertiliserApplication,7.26,Spreader Topdressing,Fertiliser,Lime,,500,kg,$19.75,"3,630",kg,,,,,,,,,,,,,,,,,,,,,,,,,
11/10/2019,Paddock,Oldham Farm,Spring Side,Actual,FertiliserApplication,7.26,Spreader Topdressing,Fertiliser,Potassium Chloride,,100,kg,$68.50,726,kg,,,,,,,,,,,,,,,,,,,,,,,,,
11/10/2019,Paddock,Oldham Farm,Spring Side,Actual,FertiliserApplication,7.26,Spreader Topdressing,Fertiliser,Potassium Sulphate Granular,,100,kg,$121.00,726,kg,,,,,,,,,,,,,,,,,,,,,,,,,
11/10/2019,Paddock,Oldham Farm,Spring Side,Actual,FertiliserApplication,7.26,Spreader Topdressing,Fertiliser,Sulphur 90,,50,kg,$30.25,363,kg,,,,,,,,,,,,,,,,,,,,,,,,,
15/10/2019,Paddock,Oldham Farm,Binder Paddock,Actual,FertiliserApplication,6.7,Spreader Topdressing,Fertiliser,Borate 46,,10,kg,$18.00,67,kg,,,,,,,,,,,,,,,,,,,,,,,,,
15/10/2019,Paddock,Oldham Farm,Binder Paddock,Actual,FertiliserApplication,6.7,Spreader Topdressing,Fertiliser,DAP,,200,kg,$156.00,"1,340",kg,,,,,,,,,,,,,,,,,,,,,,,,,
15/10/2019,Paddock,Oldham Farm,Binder Paddock,Actual,FertiliserApplication,6.7,Spreader Topdressing,Fertiliser,Dolomite,,850,kg,$140.25,"5,695",kg,,,,,,,,,,,,,,,,,,,,,,,,,
15/10/2019,Paddock,Oldham Farm,Binder Paddock,Actual,FertiliserApplication,6.7,Spreader Topdressing,Fertiliser,Manganese Sulphate 28%,,10,kg,$19.80,67,kg,,,,,,,,,,,,,,,,,,,,,,,,,
15/10/2019,Paddock,Oldham Farm,Binder Paddock,Actual,FertiliserApplication,6.7,Spreader Topdressing,Fertiliser,Potassium Chloride,,100,kg,$68.50,670,kg,,,,,,,,,,,,,,,,,,,,,,,,,
15/10/2019,Paddock,Oldham Farm,Binder Paddock,Actual,FertiliserApplication,6.7,Spreader Topdressing,Fertiliser,Potassium Sulphate Granular,,100,kg,$121.00,670,kg,,,,,,,,,,,,,,,,,,,,,,,,,
15/10/2019,Paddock,Oldham Farm,Binder Paddock,Actual,FertiliserApplication,6.7,Spreader Topdressing,Fertiliser,Sulphur 90,,50,kg,$30.25,335,kg,,,,,,,,,,,,,,,,,,,,,,,,,
15/10/2019,Paddock,Oldham Farm,Binder Paddock,Actual,FertiliserApplication,6.7,Spreader Topdressing,Fertiliser,Zinc Sulphate Monohydrate,,10,kg,$25.00,67,kg,,,,,,,,,,,,,,,,,,,,,,,,,
16/10/2019,Paddock,Oldham Farm,Hills Three,Actual,FertiliserApplication,5.76,Spreader Topdressing,Fertiliser,Borate 46,,10,kg,$18.00,57.56,kg,,,,,,,,,,,,,,,,,,,,,,,,,
16/10/2019,Paddock,Oldham Farm,Hills Three,Actual,FertiliserApplication,5.76,Spreader Topdressing,Fertiliser,DAP,,200,kg,$156.00,"1,151.29",kg,,,,,,,,,,,,,,,,,,,,,,,,,
16/10/2019,Paddock,Oldham Farm,Hills Three,Actual,FertiliserApplication,5.76,Spreader Topdressing,Fertiliser,Dolomite,,450,kg,$81.00,"2,590.41",kg,,,,,,,,,,,,,,,,,,,,,,,,,
16/10/2019,Paddock,Oldham Farm,Hills Three,Actual,FertiliserApplication,5.76,Spreader Topdressing,Fertiliser,Lime,,450,kg,$17.78,"2,590.41",kg,,,,,,,,,,,,,,,,,,,,,,,,,
16/10/2019,Paddock,Oldham Farm,Hills Three,Actual,FertiliserApplication,5.76,Spreader Topdressing,Fertiliser,Manganese Sulphate 28%,,10,kg,$19.80,57.56,kg,,,,,,,,,,,,,,,,,,,,,,,,,
16/10/2019,Paddock,Oldham Farm,Hills Three,Actual,FertiliserApplication,5.76,Spreader Topdressing,Fertiliser,Potassium Chloride,,150,kg,$102.75,863.47,kg,,,,,,,,,,,,,,,,,,,,,,,,,
16/10/2019,Paddock,Oldham Farm,Hills Three,Actual,FertiliserApplication,5.76,Spreader Topdressing,Fertiliser,Sulphur 90,,50,kg,$30.25,287.82,kg,,,,,,,,,,,,,,,,,,,,,,,,,
16/10/2019,Paddock,Oldham Farm,Top River,Actual,FertiliserApplication,3.73,Spreader Topdressing,Fertiliser,Borate 46,,10,kg,$18.00,37.26,kg,,,,,,,,,,,,,,,,,,,,,,,,,
16/10/2019,Paddock,Oldham Farm,Top River,Actual,FertiliserApplication,3.73,Spreader Topdressing,Fertiliser,DAP,,200,kg,$156.00,745.28,kg,,,,,,,,,,,,,,,,,,,,,,,,,
16/10/2019,Paddock,Oldham Farm,Top River,Actual,FertiliserApplication,3.73,Spreader Topdressing,Fertiliser,Dolomite,,450,kg,$81.00,"1,676.87",kg,,,,,,,,,,,,,,,,,,,,,,,,,
16/10/2019,Paddock,Oldham Farm,Top River,Actual,FertiliserApplication,3.73,Spreader Topdressing,Fertiliser,Lime,,450,kg,$17.78,"1,676.87",kg,,,,,,,,,,,,,,,,,,,,,,,,,
16/10/2019,Paddock,Oldham Farm,Top River,Actual,FertiliserApplication,3.73,Spreader Topdressing,Fertiliser,Manganese Sulphate 28%,,10,kg,$19.80,37.26,kg,,,,,,,,,,,,,,,,,,,,,,,,,
16/10/2019,Paddock,Oldham Farm,Top River,Actual,FertiliserApplication,3.73,Spreader Topdressing,Fertiliser,Potassium Chloride,,150,kg,$102.75,558.96,kg,,,,,,,,,,,,,,,,,,,,,,,,,
16/10/2019,Paddock,Oldham Farm,Top River,Actual,FertiliserApplication,3.73,Spreader Topdressing,Fertiliser,Sulphur 90,,50,kg,$30.25,186.32,kg,,,,,,,,,,,,,,,,,,,,,,,,,
17/10/2019,Paddock,Oldham Farm,house paddock,Actual,FertiliserApplication,16.51,Spreader Topdressing,Fertiliser,Yara Mila 8-11-20,,829,kg,$334.09,"13,690.32",kg,,,,,,,,,,,,,,,,,,,,,,,,,
21/10/2019,Paddock,Oldham Farm,Back 36,Actual,FertiliserApplication,13.64,Spreader Topdressing,Fertiliser,Borate 46,,10,kg,$18.00,136.36,kg,,,,,,,,,,,,,,,,,,,,,,,,,
21/10/2019,Paddock,Oldham Farm,Back 36,Actual,FertiliserApplication,13.64,Spreader Topdressing,Fertiliser,Flexi-N G1,,150,kg,$87.90,"2,045.39",kg,,,,,,,,,,,,,,,,,,,,,,,,,
21/10/2019,Paddock,Oldham Farm,Back 36,Actual,FertiliserApplication,13.64,Spreader Topdressing,Fertiliser,Sulphur 90,,50,kg,$30.25,681.8,kg,,,,,,,,,,,,,,,,,,,,,,,,,
21/10/2019,Paddock,Oldham Farm,Old Shearing Shed,Actual,FertiliserApplication,5.6,Spreader Topdressing,Fertiliser,Ammo 31,,150,kg,$74.85,840,kg,,,,,,,,,,,,,,,,,,,,,,,,,
21/10/2019,Paddock,Oldham Farm,Warwick,Actual,FertiliserApplication,13.6,Spreader Topdressing,Fertiliser,Borate 46,,10,kg,$18.00,136,kg,,,,,,,,,,,,,,,,,,,,,,,,,
21/10/2019,Paddock,Oldham Farm,Warwick,Actual,FertiliserApplication,13.6,Spreader Topdressing,Fertiliser,Flexi-N G1,,150,kg,$87.90,"2,040",kg,,,,,,,,,,,,,,,,,,,,,,,,,
21/10/2019,Paddock,Oldham Farm,Warwick,Actual,FertiliserApplication,13.6,Spreader Topdressing,Fertiliser,Sulphur 90,,50,kg,$30.25,680,kg,,,,,,,,,,,,,,,,,,,,,,,,,
7/11/2019,Paddock,Oldham Farm,Back 36,Actual,FertiliserApplication,13.64,Spreader Topdressing,Fertiliser,DAP,,100,kg,$78.00,"1,363.59",kg,,,,,,,,,,,,,,,,,,,,,,,,,
7/11/2019,Paddock,Oldham Farm,Back 36,Actual,FertiliserApplication,13.64,Spreader Topdressing,Fertiliser,Potassium Chloride,,50,kg,$34.25,681.8,kg,,,,,,,,,,,,,,,,,,,,,,,,,
7/11/2019,Paddock,Oldham Farm,Back 36,Actual,FertiliserApplication,13.64,Spreader Topdressing,Fertiliser,Urea,,150,kg,$94.50,"2,045.39",kg,,,,,,,,,,,,,,,,,,,,,,,,,
7/11/2019,Paddock,Oldham Farm,Hills One,Actual,FertiliserApplication,6.25,Spreader Topdressing,Fertiliser,Ammo 31,,200,kg,$99.80,"1,250.52",kg,,,,,,,,,,,,,,,,,,,,,,,,,
7/11/2019,Paddock,Oldham Farm,Hills One,Actual,FertiliserApplication,6.25,Spreader Topdressing,Fertiliser,Borate 46,,10,kg,$18.00,62.53,kg,,,,,,,,,,,,,,,,,,,,,,,,,
7/11/2019,Paddock,Oldham Farm,Hills One,Actual,FertiliserApplication,6.25,Spreader Topdressing,Fertiliser,Manganese Sulphate 28%,,10,kg,$19.80,62.53,kg,,,,,,,,,,,,,,,,,,,,,,,,,
7/11/2019,Paddock,Oldham Farm,Hills One,Actual,FertiliserApplication,6.25,Spreader Topdressing,Fertiliser,Zinc Sulphate Monohydrate,,10,kg,$25.00,62.53,kg,,,,,,,,,,,,,,,,,,,,,,,,,
7/11/2019,Paddock,Oldham Farm,Sea one,Actual,FertiliserApplication,7.21,Spreader Topdressing,Fertiliser,Ammo 31,,200,kg,$99.80,"1,442.16",kg,,,,,,,,,,,,,,,,,,,,,,,,,
7/11/2019,Paddock,Oldham Farm,Sea one,Actual,FertiliserApplication,7.21,Spreader Topdressing,Fertiliser,Borate 46,,10,kg,$18.00,72.11,kg,,,,,,,,,,,,,,,,,,,,,,,,,
7/11/2019,Paddock,Oldham Farm,Sea one,Actual,FertiliserApplication,7.21,Spreader Topdressing,Fertiliser,Manganese Sulphate 28%,,10,kg,$19.80,72.11,kg,,,,,,,,,,,,,,,,,,,,,,,,,
7/11/2019,Paddock,Oldham Farm,Sea one,Actual,FertiliserApplication,7.21,Spreader Topdressing,Fertiliser,Zinc Sulphate Monohydrate,,10,kg,$25.00,72.11,kg,,,,,,,,,,,,,,,,,,,,,,,,,
7/11/2019,Paddock,Oldham Farm,Warwick,Actual,FertiliserApplication,13.6,Spreader Topdressing,Fertiliser,DAP,,100,kg,$78.00,"1,360",kg,,,,,,,,,,,,,,,,,,,,,,,,,
7/11/2019,Paddock,Oldham Farm,Warwick,Actual,FertiliserApplication,13.6,Spreader Topdressing,Fertiliser,Potassium Chloride,,50,kg,$34.25,680,kg,,,,,,,,,,,,,,,,,,,,,,,,,
7/11/2019,Paddock,Oldham Farm,Warwick,Actual,FertiliserApplication,13.6,Spreader Topdressing,Fertiliser,Urea,,150,kg,$94.50,"2,040",kg,,,,,,,,,,,,,,,,,,,,,,,,,
10/11/2019,Paddock,Oldham Farm,Old Shearing Shed,Actual,FertiliserApplication,5.6,Spreader Topdressing,Fertiliser,Ammo 31,,150,kg,$74.85,840,kg,,,,,,,,,,,,,,,,,,,,,,,,,
14/11/2019,Paddock,Oldham Farm,Binder Paddock,Actual,FertiliserApplication,6.7,Spreader Topdressing,Fertiliser,Ammonium Sulphate Granular,,200,kg,$99.80,"1,340",kg,,,,,,,,,,,,,,,,,,,,,,,,,
14/11/2019,Paddock,Oldham Farm,Hills Three,Actual,FertiliserApplication,5.76,Spreader Topdressing,Fertiliser,Ammonium Sulphate Granular,,200,kg,$99.80,"1,151.29",kg,,,,,,,,,,,,,,,,,,,,,,,,,
14/11/2019,Paddock,Oldham Farm,Knowle,Actual,FertiliserApplication,14,Spreader Topdressing,Fertiliser,N-Protect,,150,kg,$112.50,"2,100",kg,,,,,,,,,,,,,,,,,,,,,,,,,
14/11/2019,Paddock,Oldham Farm,Top River,Actual,FertiliserApplication,3.73,Spreader Topdressing,Fertiliser,Ammonium Sulphate Granular,,200,kg,$99.80,745.28,kg,,,,,,,,,,,,,,,,,,,,,,,,,
19/11/2019,Paddock,Oldham Farm,Sea two,Actual,FertiliserApplication,6.61,Spreader Topdressing,Fertiliser,Borate 46,,10,kg,$18.00,66.07,kg,,,,,,,,,,,,,,,,,,,,,,,,,
19/11/2019,Paddock,Oldham Farm,Sea two,Actual,FertiliserApplication,6.61,Spreader Topdressing,Fertiliser,DAP,,100,kg,$78.00,660.7,kg,,,,,,,,,,,,,,,,,,,,,,,,,
19/11/2019,Paddock,Oldham Farm,Sea two,Actual,FertiliserApplication,6.61,Spreader Topdressing,Fertiliser,Dolomite,,510,kg,$91.80,"3,369.57",kg,,,,,,,,,,,,,,,,,,,,,,,,,
19/11/2019,Paddock,Oldham Farm,Sea two,Actual,FertiliserApplication,6.61,Spreader Topdressing,Fertiliser,Lime,,500,kg,$19.75,"3,303.50",kg,,,,,,,,,,,,,,,,,,,,,,,,,
19/11/2019,Paddock,Oldham Farm,Sea two,Actual,FertiliserApplication,6.61,Spreader Topdressing,Fertiliser,Manganese Sulphate 28%,,10,kg,$19.80,66.07,kg,,,,,,,,,,,,,,,,,,,,,,,,,
19/11/2019,Paddock,Oldham Farm,Sea two,Actual,FertiliserApplication,6.61,Spreader Topdressing,Fertiliser,Potassium Chloride,,55,kg,$37.68,363.38,kg,,,,,,,,,,,,,,,,,,,,,,,,,
19/11/2019,Paddock,Oldham Farm,Sea two,Actual,FertiliserApplication,6.61,Spreader Topdressing,Fertiliser,Sulphur 90,,50,kg,$30.25,330.35,kg,,,,,,,,,,,,,,,,,,,,,,,,,
22/11/2019,Paddock,Oldham Farm,Black Forest,Actual,FertiliserApplication,16.93,Spreader Topdressing,Fertiliser,N-Protect,,200,kg,$150.00,"3,385.01",kg,,,,,,,,,,,,,,,,,,,,,,,,,
2/12/2019,Paddock,Oldham Farm,Binder Paddock,Actual,FertiliserApplication,6.7,Spreader Topdressing,Fertiliser,Ammo 36,,200,kg,$98.00,"1,340",kg,,,,,,,,,,,,,,,,,,,,,,,,,
2/12/2019,Paddock,Oldham Farm,Binder Paddock,Actual,FertiliserApplication,6.7,Spreader Topdressing,Fertiliser,Potassium Chloride,,100,kg,$68.50,670,kg,,,,,,,,,,,,,,,,,,,,,,,,,
2/12/2019,Paddock,Oldham Farm,Bogside,Actual,FertiliserApplication,6.66,Spreader Topdressing,Fertiliser,Borate 46,,10,kg,$23.50,66.63,kg,,,,,,,,,,,,,,,,,,,,,,,,,
2/12/2019,Paddock,Oldham Farm,Bogside,Actual,FertiliserApplication,6.66,Spreader Topdressing,Fertiliser,Guano Phosphate ,,110,kg,$64.90,732.92,kg,,,,,,,,,,,,,,,,,,,,,,,,,
2/12/2019,Paddock,Oldham Farm,Bogside,Actual,FertiliserApplication,6.66,Spreader Topdressing,Fertiliser,Lime,,513,kg,$20.26,"3,418.06",kg,,,,,,,,,,,,,,,,,,,,,,,,,
2/12/2019,Paddock,Oldham Farm,Bogside,Actual,FertiliserApplication,6.66,Spreader Topdressing,Fertiliser,Manganese Sulphate 28%,,10,kg,$19.80,66.63,kg,,,,,,,,,,,,,,,,,,,,,,,,,
2/12/2019,Paddock,Oldham Farm,Bogside,Actual,FertiliserApplication,6.66,Spreader Topdressing,Fertiliser,Potassium Sulphate Granular,,200,kg,$150.00,"1,332.58",kg,,,,,,,,,,,,,,,,,,,,,,,,,
2/12/2019,Paddock,Oldham Farm,Bogside,Actual,FertiliserApplication,6.66,Spreader Topdressing,Fertiliser,Reactive Phosphate Rock Rpr (South Island),,101,kg,$43.94,672.95,kg,,,,,,,,,,,,,,,,,,,,,,,,,
2/12/2019,Paddock,Oldham Farm,Bogside,Actual,FertiliserApplication,6.66,Spreader Topdressing,Fertiliser,Sulphur 90,,75,kg,$48.75,499.72,kg,,,,,,,,,,,,,,,,,,,,,,,,,
2/12/2019,Paddock,Oldham Farm,Hills Three,Actual,FertiliserApplication,5.76,Spreader Topdressing,Fertiliser,Ammo 36,,200,kg,$98.00,"1,151.29",kg,,,,,,,,,,,,,,,,,,,,,,,,,
2/12/2019,Paddock,Oldham Farm,Hills Three,Actual,FertiliserApplication,5.76,Spreader Topdressing,Fertiliser,Potassium Chloride,,100,kg,$68.50,575.65,kg,,,,,,,,,,,,,,,,,,,,,,,,,
2/12/2019,Paddock,Oldham Farm,Top River,Actual,FertiliserApplication,3.73,Spreader Topdressing,Fertiliser,Ammo 36,,200,kg,$98.00,745.28,kg,,,,,,,,,,,,,,,,,,,,,,,,,
2/12/2019,Paddock,Oldham Farm,Top River,Actual,FertiliserApplication,3.73,Spreader Topdressing,Fertiliser,Potassium Chloride,,100,kg,$68.50,372.64,kg,,,,,,,,,,,,,,,,,,,,,,,,,
6/12/2019,Paddock,Oldham Farm,Windmill,Actual,FertiliserApplication,16.9,Spreader Topdressing,Fertiliser,Borate 46,,10,kg,$23.50,169,kg,,,,,,,,,,,,,,,,,,,,,,,,,
6/12/2019,Paddock,Oldham Farm,Windmill,Actual,FertiliserApplication,16.9,Spreader Topdressing,Fertiliser,DAP,,75,kg,$58.50,"1,267.50",kg,,,,,,,,,,,,,,,,,,,,,,,,,
6/12/2019,Paddock,Oldham Farm,Windmill,Actual,FertiliserApplication,16.9,Spreader Topdressing,Fertiliser,Potassium Chloride,,75,kg,$51.38,"1,267.50",kg,,,,,,,,,,,,,,,,,,,,,,,,,
6/12/2019,Paddock,Oldham Farm,Windmill,Actual,FertiliserApplication,16.9,Spreader Topdressing,Fertiliser,Potassium Sulphate Granular,,75,kg,$76.05,"1,267.50",kg,,,,,,,,,,,,,,,,,,,,,,,,,
6/12/2019,Paddock,Oldham Farm,Windmill,Actual,FertiliserApplication,16.9,Spreader Topdressing,Fertiliser,Sulphur 90,,50,kg,$32.50,845,kg,,,,,,,,,,,,,,,,,,,,,,,,,
10/12/2019,Paddock,Oldham Farm,house paddock,Actual,FertiliserApplication,16.51,Spreader Topdressing,Fertiliser,Kieserite Granular,,149.73,kg,$74.87,"2,472.68",kg,,,,,,,,,,,,,,,,,,,,,,,,,
11/12/2019,Paddock,Oldham Farm,Black Forest,Actual,FertiliserApplication,16.93,Spreader Topdressing,Fertiliser,N-Protect,,150,kg,$99.00,"2,538.75",kg,,,,,,,,,,,,,,,,,,,,,,,,,
11/12/2019,Paddock,Oldham Farm,Bottom River,Actual,FertiliserApplication,4.05,Spreader Topdressing,Fertiliser,DAP,,100,kg,$78.00,405,kg,,,,,,,,,,,,,,,,,,,,,,,,,
11/12/2019,Paddock,Oldham Farm,Bottom River,Actual,FertiliserApplication,4.05,Spreader Topdressing,Fertiliser,N-Protect,,50,kg,$33.00,202.5,kg,,,,,,,,,,,,,,,,,,,,,,,,,
11/12/2019,Paddock,Oldham Farm,Bottom River,Actual,FertiliserApplication,4.05,Spreader Topdressing,Fertiliser,Sulphur 90,,25,kg,$16.25,101.25,kg,,,,,,,,,,,,,,,,,,,,,,,,,
11/12/2019,Paddock,Oldham Farm,Hills Two,Actual,FertiliserApplication,6.53,Spreader Topdressing,Fertiliser,Borate 46,,10,kg,$23.50,65.26,kg,,,,,,,,,,,,,,,,,,,,,,,,,
11/12/2019,Paddock,Oldham Farm,Hills Two,Actual,FertiliserApplication,6.53,Spreader Topdressing,Fertiliser,Manganese Sulphate 28%,,10,kg,$19.80,65.26,kg,,,,,,,,,,,,,,,,,,,,,,,,,
11/12/2019,Paddock,Oldham Farm,Hills Two,Actual,FertiliserApplication,6.53,Spreader Topdressing,Fertiliser,N-Protect,,75,kg,$49.50,489.44,kg,,,,,,,,,,,,,,,,,,,,,,,,,
11/12/2019,Paddock,Oldham Farm,Hills Two,Actual,FertiliserApplication,6.53,Spreader Topdressing,Fertiliser,Potassium Sulphate Granular,,100,kg,$101.40,652.58,kg,,,,,,,,,,,,,,,,,,,,,,,,,
11/12/2019,Paddock,Oldham Farm,Hills Two,Actual,FertiliserApplication,6.53,Spreader Topdressing,Fertiliser,Sulphur 90,,50,kg,$32.50,326.29,kg,,,,,,,,,,,,,,,,,,,,,,,,,
11/12/2019,Paddock,Oldham Farm,house paddock,Actual,FertiliserApplication,16.51,Spreader Topdressing,Fertiliser,Potassium Sulphate Granular,,154.18,kg,$156.34,"2,546.17",kg,,,,,,,,,,,,,,,,,,,,,,,,,
11/12/2019,Paddock,Oldham Farm,Knowle,Actual,FertiliserApplication,14,Spreader Topdressing,Fertiliser,N-Protect,,80,kg,$52.80,"1,120",kg,,,,,,,,,,,,,,,,,,,,,,,,,
16/12/2019,Paddock,Oldham Farm,house paddock,Actual,FertiliserApplication,16.51,Spreader Topdressing,Fertiliser,Urea,,120.1,kg,$75.66,"1,983.36",kg,,,,,,,,,,,,,,,,,,,,,,,,,
19/12/2019,Paddock,Oldham Farm,Binder Paddock,Actual,FertiliserApplication,6.7,Spreader Topdressing,Fertiliser,N-Protect,,100,kg,$66.00,670,kg,,,,,,,,,,,,,,,,,,,,,,,,,
19/12/2019,Paddock,Oldham Farm,Hills Three,Actual,FertiliserApplication,5.76,Spreader Topdressing,Fertiliser,N-Protect,,100,kg,$66.00,575.65,kg,,,,,,,,,,,,,,,,,,,,,,,,,
19/12/2019,Paddock,Oldham Farm,Top River,Actual,FertiliserApplication,3.73,Spreader Topdressing,Fertiliser,N-Protect,,100,kg,$66.00,372.64,kg,,,,,,,,,,,,,,,,,,,,,,,,,
20/12/2019,Paddock,Oldham Farm,Bottom River,Actual,FertiliserApplication,4.05,Spreader Topdressing,Fertiliser,N-Protect,,100,kg,$66.00,405,kg,,,,,,,,,,,,,,,,,,,,,,,,,
20/12/2019,Paddock,Oldham Farm,Hills Two,Actual,FertiliserApplication,6.53,Spreader Topdressing,Fertiliser,N-Protect,,100,kg,$66.00,652.58,kg,,,,,,,,,,,,,,,,,,,,,,,,,
7/01/2020,Paddock,Oldham Farm,Bottom River,Actual,FertiliserApplication,4.05,Spreader Topdressing,Fertiliser,Ammonium Sulphate Granular,,120,kg,$59.88,486,kg,,,,,,,,,,,,,,,,,,,,,,,,,
7/01/2020,Paddock,Oldham Farm,Hills Two,Actual,FertiliserApplication,6.53,Spreader Topdressing,Fertiliser,Ammonium Sulphate Granular,,120,kg,$59.88,783.1,kg,,,,,,,,,,,,,,,,,,,,,,,,,
7/01/2020,Paddock,Oldham Farm,Sea Three,Actual,FertiliserApplication,5.93,Spreader Topdressing,Fertiliser,Ammonium Sulphate Granular,,100,kg,$49.90,592.64,kg,,,,,,,,,,,,,,,,,,,,,,,,,
7/01/2020,Paddock,Oldham Farm,Sea Three,Actual,FertiliserApplication,5.93,Spreader Topdressing,Fertiliser,Borate 46,,10,kg,$23.50,59.26,kg,,,,,,,,,,,,,,,,,,,,,,,,,
7/01/2020,Paddock,Oldham Farm,Sea Three,Actual,FertiliserApplication,5.93,Spreader Topdressing,Fertiliser,Manganese Sulphate 28%,,10,kg,$19.80,59.26,kg,,,,,,,,,,,,,,,,,,,,,,,,,
7/01/2020,Paddock,Oldham Farm,Sea Three,Actual,FertiliserApplication,5.93,Spreader Topdressing,Fertiliser,Potassium Chloride,,100,kg,$71.00,592.64,kg,,,,,,,,,,,,,,,,,,,,,,,,,
7/01/2020,Paddock,Oldham Farm,Sea Three,Actual,FertiliserApplication,5.93,Spreader Topdressing,Fertiliser,Potassium Sulphate Granular,,100,kg,$101.40,592.64,kg,,,,,,,,,,,,,,,,,,,,,,,,,
7/01/2020,Paddock,Oldham Farm,Sea Three,Actual,FertiliserApplication,5.93,Spreader Topdressing,Fertiliser,Sulphur 90,,75,kg,$52.13,444.48,kg,,,,,,,,,,,,,,,,,,,,,,,,,
7/01/2020,Paddock,Oldham Farm,Sea two,Actual,FertiliserApplication,6.61,Spreader Topdressing,Fertiliser,Ammonium Sulphate Granular,,120,kg,$59.88,792.84,kg,,,,,,,,,,,,,,,,,,,,,,,,,
14/01/2020,Paddock,Oldham Farm,house paddock,Actual,FertiliserApplication,16.51,Spreader Topdressing,Fertiliser,Urea,,120,kg,$75.60,"1,981.71",kg,,,,,,,,,,,,,,,,,,,,,,,,,
23/01/2020,Paddock,Oldham Farm,Windmill,Actual,FertiliserApplication,16.9,Spreader Topdressing,Fertiliser,Ammonium Sulphate Granular,,150,kg,$74.85,"2,535",kg,,,,,,,,,,,,,,,,,,,,,,,,,
23/01/2020,Paddock,Oldham Farm,Windmill,Actual,FertiliserApplication,16.9,Spreader Topdressing,Fertiliser,Dolomite,,500,kg,$90.00,"8,450",kg,,,,,,,,,,,,,,,,,,,,,,,,,
23/01/2020,Paddock,Oldham Farm,Windmill,Actual,FertiliserApplication,16.9,Spreader Topdressing,Fertiliser,Potassium Chloride,,50,kg,$35.50,845,kg,,,,,,,,,,,,,,,,,,,,,,,,,
23/01/2020,Paddock,Oldham Farm,Windmill,Actual,FertiliserApplication,16.9,Spreader Topdressing,Fertiliser,Potassium Sulphate Granular,,50,kg,$50.70,845,kg,,,,,,,,,,,,,,,,,,,,,,,,,
23/01/2020,Paddock,Oldham Farm,Windmill,Actual,FertiliserApplication,16.9,Spreader Topdressing,Fertiliser,Reactive Phosphate Rock Rpr (South Island),,50,kg,$21.75,845,kg,,,,,,,,,,,,,,,,,,,,,,,,,
2/03/2020,Paddock,Oldham Farm,Black Forest,Actual,FertiliserApplication,16.93,Spreader Topdressing,Fertiliser,Urea,,100,kg,$63.00,"1,692.50",kg,,,,,,,,,,,,,,,,,,,,,,,,,
18/03/2020,Paddock,Oldham Farm,Hills One,Actual,FertiliserApplication,6.25,Spreader Topdressing,Fertiliser,10% Potash Sulphur Super,,200,kg,$80.00,"1,250.52",kg,,,,,,,,,,,,,,,,,,,,,,,,,
18/03/2020,Paddock,Oldham Farm,Sea one,Actual,FertiliserApplication,7.21,Spreader Topdressing,Fertiliser,10% Potash Sulphur Super,,200,kg,$80.00,"1,442.16",kg,,,,,,,,,,,,,,,,,,,,,,,,,
8/04/2020,Paddock,Oldham Farm,house paddock,Actual,FertiliserApplication,16.51,Spreader Topdressing,Fertiliser,Cropmaster 15,,150,kg,$102.15,"2,477.14",kg,,,,,,,,,,,,,,,,,,,,,,,,,
21/04/2020,Paddock,Oldham Farm,Spring Side,Actual,FertiliserApplication,7.26,Spreader Topdressing,Fertiliser,Ammo 31,,100,kg,$49.90,726,kg,,,,,,,,,,,,,,,,,,,,,,,,,
21/04/2020,Paddock,Oldham Farm,Spring Side,Actual,FertiliserApplication,7.26,Spreader Topdressing,Fertiliser,DAP,,100,kg,$78.00,726,kg,,,,,,,,,,,,,,,,,,,,,,,,,
21/04/2020,Paddock,Oldham Farm,Spring Side,Actual,FertiliserApplication,7.26,Spreader Topdressing,Fertiliser,Potassium Chloride,,100,kg,$71.00,726,kg,,,,,,,,,,,,,,,,,,,,,,,,,
21/04/2020,Paddock,Oldham Farm,Spring Side,Actual,FertiliserApplication,7.26,Spreader Topdressing,Fertiliser,Sulphur 90,,10,kg,$5.50,72.6,kg,,,,,,,,,,,,,,,,,,,,,,,,,
23/04/2020,Paddock,Oldham Farm,Back 36,Actual,FertiliserApplication,13.64,Spreader Topdressing,Fertiliser,Ammo 31,,100,kg,$49.90,"1,363.59",kg,,,,,,,,,,,,,,,,,,,,,,,,,
23/04/2020,Paddock,Oldham Farm,Binder Paddock,Actual,FertiliserApplication,6.7,Spreader Topdressing,Fertiliser,10% Potash Super,,150,kg,$54.90,"1,005",kg,,,,,,,,,,,,,,,,,,,,,,,,,
23/04/2020,Paddock,Oldham Farm,Hills Three,Actual,FertiliserApplication,5.76,Spreader Topdressing,Fertiliser,10% Potash Super,,150,kg,$54.90,863.47,kg,,,,,,,,,,,,,,,,,,,,,,,,,
23/04/2020,Paddock,Oldham Farm,Knowle,Actual,FertiliserApplication,14,Spreader Topdressing,Fertiliser,Ammo 31,,100,kg,$49.90,"1,400",kg,,,,,,,,,,,,,,,,,,,,,,,,,
23/04/2020,Paddock,Oldham Farm,Top River,Actual,FertiliserApplication,3.73,Spreader Topdressing,Fertiliser,10% Potash Super,,150,kg,$54.90,558.96,kg,,,,,,,,,,,,,,,,,,,,,,,,,
18/05/2020,Paddock,Oldham Farm,Back 36,Actual,FertiliserApplication,13.64,Spreader Topdressing,Fertiliser,Lime,,750,kg,$29.63,"10,226.95",kg,,,,,,,,,,,,,,,,,,,,,,,,,
18/05/2020,Paddock,Oldham Farm,Gradershed,Actual,FertiliserApplication,10,Spreader Topdressing,Fertiliser,DAP 13 S,,100,kg,$65.60,"1,000",kg,,,,,,,,,,,,,,,,,,,,,,,,,
18/05/2020,Paddock,Oldham Farm,Gradershed,Actual,FertiliserApplication,10,Spreader Topdressing,Fertiliser,Lime,,"2,000",kg,$79.00,"20,000",kg,,,,,,,,,,,,,,,,,,,,,,,,,
18/05/2020,Paddock,Oldham Farm,Gradershed,Actual,FertiliserApplication,10,Spreader Topdressing,Fertiliser,Potassium Chloride,,50,kg,$35.50,500,kg,,,,,,,,,,,,,,,,,,,,,,,,,
18/05/2020,Paddock,Oldham Farm,Warwick,Actual,FertiliserApplication,13.6,Spreader Topdressing,Fertiliser,Lime,,750,kg,$29.63,"10,200",kg,,,,,,,,,,,,,,,,,,,,,,,,,
10/06/2020,Paddock,Oldham Farm,Back 36,Actual,FertiliserApplication,13.64,Spreader Topdressing,Fertiliser,Dolomite,,"1,000",kg,$180.00,"13,635.93",kg,,,,,,,,,,,,,,,,,,,,,,,,,
10/06/2020,Paddock,Oldham Farm,Gradershed,Actual,FertiliserApplication,10,Spreader Topdressing,Fertiliser,Dolomite,,"1,000",kg,$180.00,"10,000",kg,,,,,,,,,,,,,,,,,,,,,,,,,
10/06/2020,Paddock,Oldham Farm,Hills One,Actual,FertiliserApplication,6.25,Spreader Topdressing,Fertiliser,Dolomite,,"1,000",kg,$180.00,"6,252.60",kg,,,,,,,,,,,,,,,,,,,,,,,,,
10/06/2020,Paddock,Oldham Farm,Hills Three,Actual,FertiliserApplication,5.76,Spreader Topdressing,Fertiliser,Dolomite,,"1,000",kg,$180.00,"5,756.47",kg,,,,,,,,,,,,,,,,,,,,,,,,,
10/06/2020,Paddock,Oldham Farm,house paddock,Actual,FertiliserApplication,16.51,Spreader Topdressing,Fertiliser,Dolomite,,"1,000",kg,$180.00,"16,514.26",kg,,,,,,,,,,,,,,,,,,,,,,,,,
30/07/2020,Paddock,Oldham Farm,Binder Paddock,Actual,FertiliserApplication,6.9,Spreader Topdressing,Fertiliser,Dolomite,,"1,500",kg,$270.00,"10,350",kg,,,,,,,,,,,,,,,,,,,,,,,,,
30/07/2020,Paddock,Oldham Farm,Black Forest,Actual,FertiliserApplication,16.93,Spreader Topdressing,Fertiliser,Dolomite,,"1,500",kg,$270.00,"25,387.54",kg,,,,,,,,,,,,,,,,,,,,,,,,,
30/07/2020,Paddock,Oldham Farm,Black Forest,Actual,FertiliserApplication,16.93,Spreader Topdressing,Fertiliser,Lime,,600,kg,$23.70,"10,155.02",kg,,,,,,,,,,,,,,,,,,,,,,,,,
30/07/2020,Paddock,Oldham Farm,Bogside,Actual,FertiliserApplication,7.2,Spreader Topdressing,Fertiliser,Dolomite,,"1,500",kg,$270.00,"10,800",kg,,,,,,,,,,,,,,,,,,,,,,,,,
30/07/2020,Paddock,Oldham Farm,Top River,Actual,FertiliserApplication,4,Spreader Topdressing,Fertiliser,Dolomite,,850,kg,$153.00,"3,400",kg,,,,,,,,,,,,,,,,,,,,,,,,,
1/08/2020,Paddock,Oldham Farm,Bottom River,Actual,Sowing,4.1,Broadcast,Seed,Armstrong,,120,kg,,492,kg,,,,,,,,,,,,,,,,,,,,,,,,,
1/08/2020,Paddock,Oldham Farm,Sea two,Actual,Sowing,6.9,Broadcast,Seed,Armstrong,,120,kg,,828,kg,,,,,,,,,,,,,,,,,,,,,,,,,
2/08/2020,Paddock,Oldham Farm,Warwick,Actual,Spraying,13.6,Boomspray - Self Propelled,Herbicide,Foxtrot,A,0.75,L,$49.36,10.2,L,,,,,,,,,,,,,,,,,,,,,,,,,
4/08/2020,Paddock,Oldham Farm,Hills One,Actual,Spraying,7,Boomspray - Self Propelled,Fertiliser,Ammonium Sulphate Liquid,,150,L,$0.00,"1,050",L,,,,,,,,,,,,,,,,,,,,,,,,,
4/08/2020,Paddock,Oldham Farm,Hills One,Actual,Spraying,7,Boomspray - Self Propelled,Fertiliser,Bio Marinus Organic,,3.5,L,$6.30,24.5,L,,,,,,,,,,,,,,,,,,,,,,,,,
4/08/2020,Paddock,Oldham Farm,Hills One,Actual,Spraying,7,Boomspray - Self Propelled,Fertiliser,YaraVita Gramitrel,,1,L,$0.00,7,L,,,,,,,,,,,,,,,,,,,,,,,,,
5/08/2020,Paddock,Oldham Farm,Stratford,Actual,Spraying,6.2,Boomspray - Self Propelled,Fertiliser,Ammonium Sulphate Liquid,,200,L,$62.00,"1,239.83",L,,,,,,,,,,,,,,,,,,,,,,,,,
5/08/2020,Paddock,Oldham Farm,Stratford,Actual,Spraying,6.2,Boomspray - Self Propelled,Fertiliser,Bio Marinus Organic,,2,L,$3.60,12.4,L,,,,,,,,,,,,,,,,,,,,,,,,,
6/08/2020,Paddock,Oldham Farm,Gradershed,Actual,Spraying,10,Boomspray - Self Propelled,Fertiliser,Bio Marinus Organic,,2.5,L,$4.50,25,L,,,,,,,,,,,,,,,,,,,,,,,,,
6/08/2020,Paddock,Oldham Farm,Gradershed,Actual,Spraying,10,Boomspray - Self Propelled,Fertiliser,YaraVita Gramitrel,,1,L,$0.00,10,L,,,,,,,,,,,,,,,,,,,,,,,,,
6/08/2020,Paddock,Oldham Farm,Gradershed,Actual,Spraying,10,Boomspray - Self Propelled,Insecticide,Karate Zeon,3,0.04,L,$15.40,0.4,L,,,,,,,,,,,,,,,,,,,,,,,,,
6/08/2020,Paddock,Oldham Farm,Spring Side,Actual,Spraying,8.28,Boomspray - Self Propelled,Fertiliser,Ammonium Sulphate Liquid,,200,L,$62.00,"1,656",L,,,,,,,,,,,,,,,,,,,,,,,,,
6/08/2020,Paddock,Oldham Farm,Spring Side,Actual,Spraying,8.28,Boomspray - Self Propelled,Fertiliser,Bio Marinus Organic,,3,L,$5.40,24.84,L,,,,,,,,,,,,,,,,,,,,,,,,,
6/08/2020,Paddock,Oldham Farm,Spring Side,Actual,Spraying,8.28,Boomspray - Self Propelled,Fertiliser,YaraVita Gramitrel,,0.5,L,$0.00,4.14,L,,,,,,,,,,,,,,,,,,,,,,,,,
7/08/2020,Paddock,Oldham Farm,Sea one,Actual,Spraying,7.4,Boomspray - Self Propelled,Herbicide,Platoon,,1.5,L,$52.62,11.1,L,,,,,,,,,,,,,,,,,,,,,,,,,
7/08/2020,Paddock,Oldham Farm,Sea one,Actual,Spraying,7.4,Boomspray - Self Propelled,Herbicide,Thistrol Plus,O1,3.24,L,$41.63,23.98,L,,,,,,,,,,,,,,,,,,,,,,,,,
7/08/2020,Paddock,Oldham Farm,Warwick,Actual,Spraying,13.6,Boomspray - Self Propelled,Fertiliser,Ammonium Sulphate Liquid,,150,L,$46.50,"2,040",L,,,,,,,,,,,,,,,,,,,,,,,,,
7/08/2020,Paddock,Oldham Farm,Warwick,Actual,Spraying,13.6,Boomspray - Self Propelled,Fertiliser,Bio Marinus Organic,,2.94,L,$5.29,39.98,L,,,,,,,,,,,,,,,,,,,,,,,,,
10/08/2020,Paddock,Oldham Farm,Bottom River,Actual,FertiliserApplication,4.1,Spreader Topdressing,Fertiliser,Dolomite,,"1,000",kg,$170.00,"4,100",kg,,,,,,,,,,,,,,,,,,,,,,,,,
10/08/2020,Paddock,Oldham Farm,Old Shearing Shed,Actual,FertiliserApplication,5.6,Spreader Topdressing,Fertiliser,Dolomite,,"1,000",kg,$170.00,"5,600",kg,,,,,,,,,,,,,,,,,,,,,,,,,
10/08/2020,Paddock,Oldham Farm,Sea Three,Actual,FertiliserApplication,6,Spreader Topdressing,Fertiliser,Dolomite,,500,kg,$85.00,"3,000",kg,,,,,,,,,,,,,,,,,,,,,,,,,
10/08/2020,Paddock,Oldham Farm,Sea two,Actual,FertiliserApplication,6.9,Spreader Topdressing,Fertiliser,Dolomite,,500,kg,$85.00,"3,450",kg,,,,,,,,,,,,,,,,,,,,,,,,,
10/08/2020,Paddock,Oldham Farm,Stratford,Actual,FertiliserApplication,6.2,Spreader Topdressing,Fertiliser,Dolomite,,"1,000",kg,$170.00,"6,199.14",kg,,,,,,,,,,,,,,,,,,,,,,,,,
13/08/2020,Paddock,Oldham Farm,Hills One,Actual,FertiliserApplication,7,Spreader Topdressing,Fertiliser,50% Potash Super,,200,kg,$100.20,"1,400",kg,,,,,,,,,,,,,,,,,,,,,,,,,
13/08/2020,Paddock,Oldham Farm,Hills One,Actual,FertiliserApplication,7,Spreader Topdressing,Fertiliser,Ammonium Sulphate Granular,,100,kg,$49.90,700,kg,,,,,,,,,,,,,,,,,,,,,,,,,
13/08/2020,Paddock,Oldham Farm,Sea Three,Actual,Sowing,6,Direct Drill Combine Knife Points,Fertiliser,Cropmaster 15,,100,kg,$68.10,600,kg,,,,,,,,,,,,,,,,,,,,,,,,,
13/08/2020,Paddock,Oldham Farm,Sea Three,Actual,Sowing,6,Direct Drill Combine Knife Points,Seed,Other - D1,,110,kg,,660,kg,,,,,,,,,,,,,,,,,,,,,,,,,
13/08/2020,Paddock,Oldham Farm,Spring Side,Actual,FertiliserApplication,8.28,Spreader Topdressing,Fertiliser,50% Potash Super,,200,kg,$100.20,"1,656",kg,,,,,,,,,,,,,,,,,,,,,,,,,
13/08/2020,Paddock,Oldham Farm,Spring Side,Actual,FertiliserApplication,8.28,Spreader Topdressing,Fertiliser,Ammonium Sulphate Granular,,100,kg,$49.90,828,kg,,,,,,,,,,,,,,,,,,,,,,,,,
13/08/2020,Paddock,Oldham Farm,Warwick,Actual,FertiliserApplication,13.6,Spreader Topdressing,Fertiliser,50% Potash Super,,200,kg,$100.20,"2,720",kg,,,,,,,,,,,,,,,,,,,,,,,,,
13/08/2020,Paddock,Oldham Farm,Warwick,Actual,FertiliserApplication,13.6,Spreader Topdressing,Fertiliser,Ammonium Sulphate Granular,,100,kg,$49.90,"1,360",kg,,,,,,,,,,,,,,,,,,,,,,,,,
18/08/2020,Paddock,Oldham Farm,Binder Paddock,Actual,FertiliserApplication,6.9,Spreader Topdressing,Fertiliser,50% Potash Super,,200,kg,$100.20,"1,380",kg,,,,,,,,,,,,,,,,,,,,,,,,,
18/08/2020,Paddock,Oldham Farm,Gradershed,Actual,FertiliserApplication,10,Spreader Topdressing,Fertiliser,50% Potash Super,,200,kg,$100.20,"2,000",kg,,,,,,,,,,,,,,,,,,,,,,,,,
18/08/2020,Paddock,Oldham Farm,Hills Three,Actual,FertiliserApplication,5.76,Spreader Topdressing,Fertiliser,50% Potash Super,,200,kg,$100.20,"1,151.29",kg,,,,,,,,,,,,,,,,,,,,,,,,,
18/08/2020,Paddock,Oldham Farm,house paddock,Actual,FertiliserApplication,16.51,Spreader Topdressing,Fertiliser,50% Potash Super,,200,kg,$100.20,"3,302.85",kg,,,,,,,,,,,,,,,,,,,,,,,,,
18/08/2020,Paddock,Oldham Farm,Top River,Actual,FertiliserApplication,4,Spreader Topdressing,Fertiliser,50% Potash Super,,200,kg,$100.20,800,kg,,,,,,,,,,,,,,,,,,,,,,,,,
20/08/2020,Paddock,Oldham Farm,Hills Three,Actual,Spraying,5.76,Boomspray - Self Propelled,Herbicide,Othello Od,"F1, B",1,L,$55.00,5.76,L,,,,,,,,,,,,,,,,,,,,,,,,,
20/08/2020,Paddock,Oldham Farm,Hills Three,Actual,Spraying,5.76,Boomspray - Self Propelled,Insecticide,Mavrik Aquaflo,3,0.1,L,$17.00,0.58,L,,,,,,,,,,,,,,,,,,,,,,,,,
20/08/2020,Paddock,Oldham Farm,Top River,Actual,Spraying,4,Boomspray - Self Propelled,Herbicide,Othello Od,"F1, B",1,L,$55.00,4,L,,,,,,,,,,,,,,,,,,,,,,,,,
20/08/2020,Paddock,Oldham Farm,Top River,Actual,Spraying,4,Boomspray - Self Propelled,Insecticide,Mavrik Aquaflo,3,0.1,L,$17.00,0.4,L,,,,,,,,,,,,,,,,,,,,,,,,,
22/08/2020,Paddock,Oldham Farm,house paddock,Actual,Spraying,16.51,Boomspray - Self Propelled,Fertiliser,YaraVita Gramitrel,,2,L,$0.00,33.03,L,,,,,,,,,,,,,,,,,,,,,,,,,
22/08/2020,Paddock,Oldham Farm,house paddock,Actual,Spraying,16.51,Boomspray - Self Propelled,Fungicide,Proline,3,0.61,L,$60.02,10.07,L,,,,,,,,,,,,,,,,,,,,,,,,,
22/08/2020,Paddock,Oldham Farm,house paddock,Actual,Spraying,16.51,Boomspray - Self Propelled,Growth Regulator,Moddus Evo,,0.2,L,$19.37,3.3,L,,,,,,,,,,,,,,,,,,,,,,,,,
22/08/2020,Paddock,Oldham Farm,house paddock,Actual,Spraying,16.51,Boomspray - Self Propelled,Growth Regulator,Regulate,,2,L,$10.30,33.03,L,,,,,,,,,,,,,,,,,,,,,,,,,
22/08/2020,Paddock,Oldham Farm,house paddock,Actual,Spraying,16.51,Boomspray - Self Propelled,Insecticide,Mavrik Aquaflo,3,0.1,L,$17.00,1.65,L,,,,,,,,,,,,,,,,,,,,,,,,,
27/08/2020,Paddock,Oldham Farm,Binder Paddock,Actual,Spraying,6.9,Boomspray - Self Propelled,Herbicide,Othello Od,"F1, B",1,L,$55.00,6.9,L,,,,,,,,,,,,,,,,,,,,,,,,,
27/08/2020,Paddock,Oldham Farm,Binder Paddock,Actual,Spraying,6.9,Boomspray - Self Propelled,Insecticide,Mavrik Aquaflo,3,0.1,L,$17.00,0.69,L,,,,,,,,,,,,,,,,,,,,,,,,,
28/08/2020,Paddock,Oldham Farm,Hills One,Actual,FertiliserApplication,7,Spreader Topdressing,Fertiliser,Dolomite,,"1,000",kg,$170.00,"7,000",kg,,,,,,,,,,,,,,,,,,,,,,,,,
28/08/2020,Paddock,Oldham Farm,Hills Two,Actual,FertiliserApplication,7,Spreader Topdressing,Fertiliser,Dolomite,,"1,000",kg,$170.00,"7,000",kg,,,,,,,,,,,,,,,,,,,,,,,,,
28/08/2020,Paddock,Oldham Farm,Sea one,Actual,FertiliserApplication,7.4,Spreader Topdressing,Fertiliser,Dolomite,,"1,000",kg,$170.00,"7,400",kg,,,,,,,,,,,,,,,,,,,,,,,,,
29/08/2020,Paddock,Oldham Farm,Gradershed,Actual,Spraying,10,Boomspray - Self Propelled,Herbicide,Othello Od,"F1, B",1,L,$65.69,10,L,,,,,,,,,,,,,,,,,,,,,,,,,
29/08/2020,Paddock,Oldham Farm,Gradershed,Actual,Spraying,10,Boomspray - Self Propelled,Insecticide,Karate Zeon,3,0.04,L,$15.40,0.4,L,,,,,,,,,,,,,,,,,,,,,,,,,
31/08/2020,Paddock,Oldham Farm,Black Forest,Actual,Spraying,16.93,Boomspray - Self Propelled,Fertiliser,Bio Marinus Organic,,2.15,L,$3.87,36.39,L,,,,,,,,,,,,,,,,,,,,,,,,,
31/08/2020,Paddock,Oldham Farm,Black Forest,Actual,Spraying,16.93,Boomspray - Self Propelled,Herbicide,Agronica Polaris 360,G,3,L,$15.30,50.78,L,,,,,,,,,,,,,,,,,,,,,,,,,
31/08/2020,Paddock,Oldham Farm,Hills Two,Actual,Sowing,7,Direct Drill Combine Knife Points,Fertiliser,Cropmaster 15,,100,kg,$68.10,700,kg,,,,,,,,,,,,,,,,,,,,,,,,,
31/08/2020,Paddock,Oldham Farm,Hills Two,Actual,Sowing,7,Direct Drill Combine Knife Points,Seed,Other - D1,,110,kg,$104.50,770,kg,,,,,,,,,,,,,,,,,,,,,,,,,
4/09/2020,Paddock,Oldham Farm,Old Shearing Shed,Actual,Spraying,5.6,Boomspray - Self Propelled,Fertiliser,Bio Marinus Organic,,2.41,L,$4.34,13.5,L,,,,,,,,,,,,,,,,,,,,,,,,,
4/09/2020,Paddock,Oldham Farm,Old Shearing Shed,Actual,Spraying,5.6,Boomspray - Self Propelled,Herbicide,Agronica Polaris 450,G,2,L,$12.09,11.2,L,,,,,,,,,,,,,,,,,,,,,,,,,
7/09/2020,Paddock,Oldham Farm,Back 36,Actual,Sowing,14.9,Direct Drill Combine Knife Points,Fertiliser,Nitrophoska Select,,124,kg,$104.16,"1,847.60",kg,,,,,,,,,,,,,,,,,,,,,,,,,
7/09/2020,Paddock,Oldham Farm,Back 36,Actual,Sowing,14.9,Direct Drill Combine Knife Points,Seed,Discovery (KWM31),,133,kg,,"1,981.70",kg,,,,,,,,,,,,,,,,,,,,,,,,,
8/09/2020,Paddock,Oldham Farm,house paddock,Actual,Spraying,16.51,Boomspray - Self Propelled,Growth Regulator,Moddus Evo,,0.1,L,$9.69,1.65,L,,,,,,,,,,,,,,,,,,,,,,,,,
8/09/2020,Paddock,Oldham Farm,house paddock,Actual,Spraying,16.51,Boomspray - Self Propelled,Growth Regulator,Regulate,,1.5,L,$10.50,24.77,L,,,,,,,,,,,,,,,,,,,,,,,,,
8/09/2020,Paddock,Oldham Farm,house paddock,Actual,Spraying,16.51,Boomspray - Self Propelled,Insecticide,Transform,4,0.05,L,$15.98,0.83,L,,,,,,,,,,,,,,,,,,,,,,,,,
9/09/2020,Paddock,Oldham Farm,Binder Paddock,Actual,FertiliserApplication,6.9,Spreader Topdressing,Fertiliser,Ammo 31,,200,kg,$99.80,"1,380",kg,,,,,,,,,,,,,,,,,,,,,,,,,
9/09/2020,Paddock,Oldham Farm,Binder Paddock,Actual,FertiliserApplication,6.9,Spreader Topdressing,Fertiliser,Borate 46,,20,kg,$47.00,138,kg,,,,,,,,,,,,,,,,,,,,,,,,,
9/09/2020,Paddock,Oldham Farm,Binder Paddock,Actual,FertiliserApplication,6.9,Spreader Topdressing,Fertiliser,Copper sulphate 25%,,5,kg,$29.25,34.5,kg,,,,,,,,,,,,,,,,,,,,,,,,,
9/09/2020,Paddock,Oldham Farm,Binder Paddock,Actual,FertiliserApplication,6.9,Spreader Topdressing,Fertiliser,Manganese Sulphate 28%,,10,kg,$19.80,69,kg,,,,,,,,,,,,,,,,,,,,,,,,,
9/09/2020,Paddock,Oldham Farm,Binder Paddock,Actual,FertiliserApplication,6.9,Spreader Topdressing,Fertiliser,Potassium Chloride,,100,kg,$69.00,690,kg,,,,,,,,,,,,,,,,,,,,,,,,,
9/09/2020,Paddock,Oldham Farm,Binder Paddock,Actual,Spraying,6.9,Boomspray - Self Propelled,Fertiliser,YaraVita Gramitrel,,1.45,L,$19.58,10.01,L,,,,,,,,,,,,,,,,,,,,,,,,,
9/09/2020,Paddock,Oldham Farm,Binder Paddock,Actual,FertiliserApplication,6.9,Spreader Topdressing,Fertiliser,Zinc Sulphate Monohydrate,,10,kg,$25.00,69,kg,,,,,,,,,,,,,,,,,,,,,,,,,
9/09/2020,Paddock,Oldham Farm,Binder Paddock,Actual,Spraying,6.9,Boomspray - Self Propelled,Fungicide,Proline,3,0.6,L,$58.28,4.14,L,,,,,,,,,,,,,,,,,,,,,,,,,
9/09/2020,Paddock,Oldham Farm,Binder Paddock,Actual,Spraying,6.9,Boomspray - Self Propelled,Growth Regulator,Moddus Evo,,0.2,L,$19.37,1.38,L,,,,,,,,,,,,,,,,,,,,,,,,,
9/09/2020,Paddock,Oldham Farm,Binder Paddock,Actual,Spraying,6.9,Boomspray - Self Propelled,Growth Regulator,Regulate,,0.2,L,$1.40,1.38,L,,,,,,,,,,,,,,,,,,,,,,,,,
9/09/2020,Paddock,Oldham Farm,Binder Paddock,Actual,Spraying,6.9,Boomspray - Self Propelled,Insecticide,Mavrik Aquaflo,3,0.074,L,$12.58,0.51,L,,,,,,,,,,,,,,,,,,,,,,,,,
9/09/2020,Paddock,Oldham Farm,Hills Three,Actual,FertiliserApplication,5.76,Spreader Topdressing,Fertiliser,Borate 46,,20,kg,$47.00,115.13,kg,,,,,,,,,,,,,,,,,,,,,,,,,
9/09/2020,Paddock,Oldham Farm,Hills Three,Actual,FertiliserApplication,5.76,Spreader Topdressing,Fertiliser,Flexi-N G1,,150,kg,$87.90,863.47,kg,,,,,,,,,,,,,,,,,,,,,,,,,
9/09/2020,Paddock,Oldham Farm,Hills Three,Actual,FertiliserApplication,5.76,Spreader Topdressing,Fertiliser,Kieserite Granular,,200,kg,$100.00,"1,151.29",kg,,,,,,,,,,,,,,,,,,,,,,,,,
9/09/2020,Paddock,Oldham Farm,Hills Three,Actual,FertiliserApplication,5.76,Spreader Topdressing,Fertiliser,Potassium Chloride,,100,kg,$69.00,575.65,kg,,,,,,,,,,,,,,,,,,,,,,,,,
9/09/2020,Paddock,Oldham Farm,house paddock,Actual,FertiliserApplication,16.51,Spreader Topdressing,Fertiliser,Ammo 31,,200,kg,$99.80,"3,302.85",kg,,,,,,,,,,,,,,,,,,,,,,,,,
9/09/2020,Paddock,Oldham Farm,house paddock,Actual,FertiliserApplication,16.51,Spreader Topdressing,Fertiliser,Borate 46,,20,kg,$47.00,330.29,kg,,,,,,,,,,,,,,,,,,,,,,,,,
9/09/2020,Paddock,Oldham Farm,house paddock,Actual,FertiliserApplication,16.51,Spreader Topdressing,Fertiliser,Potassium Chloride,,50,kg,$34.50,825.71,kg,,,,,,,,,,,,,,,,,,,,,,,,,
9/09/2020,Paddock,Oldham Farm,Top River,Actual,FertiliserApplication,4,Spreader Topdressing,Fertiliser,Borate 46,,20,kg,$47.00,80,kg,,,,,,,,,,,,,,,,,,,,,,,,,
9/09/2020,Paddock,Oldham Farm,Top River,Actual,FertiliserApplication,4,Spreader Topdressing,Fertiliser,Flexi-N G1,,150,kg,$87.90,600,kg,,,,,,,,,,,,,,,,,,,,,,,,,
9/09/2020,Paddock,Oldham Farm,Top River,Actual,FertiliserApplication,4,Spreader Topdressing,Fertiliser,Kieserite Granular,,200,kg,$100.00,800,kg,,,,,,,,,,,,,,,,,,,,,,,,,
9/09/2020,Paddock,Oldham Farm,Top River,Actual,FertiliserApplication,4,Spreader Topdressing,Fertiliser,Potassium Chloride,,100,kg,$69.00,400,kg,,,,,,,,,,,,,,,,,,,,,,,,,
12/09/2020,Paddock,Oldham Farm,Old Shearing Shed,Actual,Sowing,5.6,Direct Drill Combine Knife Points,Fertiliser,Cropmaster 15,,110,kg,$74.91,616,kg,,,,,,,,,,,,,,,,,,,,,,,,,
12/09/2020,Paddock,Oldham Farm,Old Shearing Shed,Actual,Sowing,5.6,Direct Drill Combine Knife Points,Seed,Other - Canty37,,222,kg,$444.00,"1,243.20",kg,,,,,,,,,,,,,,,,,,,,,,,,,
13/09/2020,Paddock,Oldham Farm,Hills Three,Actual,Spraying,5.76,Boomspray - Self Propelled,Adjuvant,Uptake Spraying Oil,,1.92,L,$12.19,11.05,L,,,,,,,,,,,,,,,,,,,,,,,,,
13/09/2020,Paddock,Oldham Farm,Hills Three,Actual,Spraying,5.76,Boomspray - Self Propelled,Fertiliser,Bio Marinus Organic,,1,L,$1.80,5.76,L,,,,,,,,,,,,,,,,,,,,,,,,,
13/09/2020,Paddock,Oldham Farm,Hills Three,Actual,Spraying,5.76,Boomspray - Self Propelled,Fertiliser,YaraVita Gramitrel,,2,L,$27.00,11.51,L,,,,,,,,,,,,,,,,,,,,,,,,,
13/09/2020,Paddock,Oldham Farm,Hills Three,Actual,Spraying,5.76,Boomspray - Self Propelled,Fungicide,Proline,3,0.6,L,$58.28,3.45,L,,,,,,,,,,,,,,,,,,,,,,,,,
13/09/2020,Paddock,Oldham Farm,Hills Three,Actual,Spraying,5.76,Boomspray - Self Propelled,Growth Regulator,Moddus Evo,,0.15,L,$14.53,0.86,L,,,,,,,,,,,,,,,,,,,,,,,,,
13/09/2020,Paddock,Oldham Farm,Hills Three,Actual,Spraying,5.76,Boomspray - Self Propelled,Growth Regulator,Regulate,,2,L,$14.00,11.51,L,,,,,,,,,,,,,,,,,,,,,,,,,
13/09/2020,Paddock,Oldham Farm,Hills Three,Actual,Spraying,5.76,Boomspray - Self Propelled,Herbicide,Paradigm,"O4, B",25,g,$51.75,143.91,g,,,,,,,,,,,,,,,,,,,,,,,,,
13/09/2020,Paddock,Oldham Farm,Hills Three,Actual,Spraying,5.76,Boomspray - Self Propelled,Insecticide,Transform,4,0.05,L,$15.98,0.29,L,,,,,,,,,,,,,,,,,,,,,,,,,
13/09/2020,Paddock,Oldham Farm,Top River,Actual,Spraying,4,Boomspray - Self Propelled,Fertiliser,YaraVita Gramitrel,,2,L,$27.00,8,L,,,,,,,,,,,,,,,,,,,,,,,,,
13/09/2020,Paddock,Oldham Farm,Top River,Actual,Spraying,4,Boomspray - Self Propelled,Fungicide,Proline,3,0.6,L,$58.28,2.4,L,,,,,,,,,,,,,,,,,,,,,,,,,
13/09/2020,Paddock,Oldham Farm,Top River,Actual,Spraying,4,Boomspray - Self Propelled,Growth Regulator,Moddus Evo,,0.15,L,$14.53,0.6,L,,,,,,,,,,,,,,,,,,,,,,,,,
13/09/2020,Paddock,Oldham Farm,Top River,Actual,Spraying,4,Boomspray - Self Propelled,Growth Regulator,Regulate,,2,L,$14.00,8,L,,,,,,,,,,,,,,,,,,,,,,,,,
13/09/2020,Paddock,Oldham Farm,Top River,Actual,Spraying,4,Boomspray - Self Propelled,Insecticide,Transform,4,0.05,L,$15.98,0.2,L,,,,,,,,,,,,,,,,,,,,,,,,,
,,,,,,,,,,,,,,,,,,,,,,,,,,,,,,,,,,,,,,,,
No biotic stresses found.,,,,,,,,,,,,,,,,,,,,,,,,,,,,,,,,,,,,,,,,
